Carrier reference,Carrier contact,Matrix net,Pico GPIO,Pico physical pin,Keyboard connector,Keyboard contact
J1,1,X9,GP20,26,Inline 19,1
J1,2,Y10,GP11,15,Inline 19,2
J1,3,X1,GP12,16,Inline 19,3
J1,4,X2,GP13,17,Inline 19,4
J1,5,X3,GP14,19,Inline 19,5
J1,6,X4,GP15,20,Inline 19,6
J1,7,X5,GP16,21,Inline 19,7
J1,8,X6,GP17,22,Inline 19,8
J1,9,X7,GP18,24,Inline 19,9
J1,10,X8,GP19,25,Inline 19,10
J1,11,Y9,GP10,14,Inline 19,11
J1,12,Y8,GP9,12,Inline 19,12
J1,13,Y7,GP8,11,Inline 19,13
J1,14,Y6,GP7,10,Inline 19,14
J1,15,Y5,GP6,9,Inline 19,15
J1,16,Y4,GP5,7,Inline 19,16
J1,17,Y3,GP4,6,Inline 19,17
J1,18,Y2,GP3,5,Inline 19,18
J1,19,Y1,GP2,4,Inline 19,19
J2,1,Y10,GP11,15,Bread80 CPC464 SMT J1,1
J2,2,X1,GP12,16,Bread80 CPC464 SMT J1,3
J2,3,X2,GP13,17,Bread80 CPC464 SMT J1,5
J2,4,X3,GP14,19,Bread80 CPC464 SMT J1,7
J2,5,X4,GP15,20,Bread80 CPC464 SMT J1,9
J2,6,X5,GP16,21,Bread80 CPC464 SMT J1,11
J2,7,X6,GP17,22,Bread80 CPC464 SMT J1,13
J2,8,X7,GP18,24,Bread80 CPC464 SMT J1,15
J2,9,X9,GP20,26,Bread80 CPC464 SMT J1,17
J2,10,NC,,,Bread80 CPC464 SMT J1,19
J3,1,X8,GP19,25,Bread80 CPC464 SMT J1,2
J3,2,Y9,GP10,14,Bread80 CPC464 SMT J1,4
J3,3,Y8,GP9,12,Bread80 CPC464 SMT J1,6
J3,4,Y7,GP8,11,Bread80 CPC464 SMT J1,8
J3,5,Y6,GP7,10,Bread80 CPC464 SMT J1,10
J3,6,Y5,GP6,9,Bread80 CPC464 SMT J1,12
J3,7,Y4,GP5,7,Bread80 CPC464 SMT J1,14
J3,8,Y3,GP4,6,Bread80 CPC464 SMT J1,16
J3,9,Y2,GP3,5,Bread80 CPC464 SMT J1,18
J3,10,Y1,GP2,4,Bread80 CPC464 SMT J1,20
